{
  "rmse": 0.96619535484982,
  "mse": 0.9335334637333697,
  "mae": 0.8735645233171345,
  "horizon": 8,
  "model": "DLinear"
}