{
  "rmse": 1.162861365190848,
  "mse": 1.3522465546535227,
  "mae": 0.8080305446180689,
  "horizon": 8,
  "model": "DLinear"
}