{
  "rmse": 1.3491533792211026,
  "mse": 1.82021484066372,
  "mae": 1.167600940498788,
  "horizon": 8,
  "model": "DLinear"
}