{
  "rmse": 1.3297546248997332,
  "mse": 1.7682473624422304,
  "mae": 1.1472089444198024,
  "horizon": 8,
  "model": "DLinear"
}