{
  "rmse": 1.5618761105204748,
  "mse": 2.439456984614566,
  "mae": 1.1073544811162521,
  "horizon": 8,
  "model": "DLinear"
}