{
  "rmse": 1.5454828327319563,
  "mse": 2.3885171862691923,
  "mae": 1.3576961538814514,
  "horizon": 8,
  "model": "DLinear"
}