{
  "rmse": 1.4299172143821464,
  "mse": 2.044663239986397,
  "mae": 1.2723731466878743,
  "horizon": 8,
  "model": "DLinear"
}