{
  "rmse": 1.844728348925125,
  "mse": 3.4030226813280176,
  "mae": 1.2259410894926477,
  "horizon": 8,
  "model": "DLinear"
}