{
  "rmse": 1.7415160334847817,
  "mse": 3.032878094884567,
  "mae": 1.4692906306890863,
  "horizon": 8,
  "model": "DLinear"
}