{
  "rmse": 1.4021931475950344,
  "mse": 1.9661456231624699,
  "mae": 1.146130378498047,
  "horizon": 8,
  "model": "DLinear"
}