{
  "rmse": 1.237067760411799,
  "mse": 1.5303366438502644,
  "mae": 0.947471246289334,
  "horizon": 8,
  "model": "DLinear"
}