{
  "rmse": 1.1619244431903502,
  "mse": 1.3500684116832053,
  "mae": 1.020323791151279,
  "horizon": 8,
  "model": "DLinear"
}