{
  "rmse": 1.787399569782221,
  "mse": 3.1947972220576686,
  "mae": 1.640776281109415,
  "horizon": 8,
  "model": "DLinear"
}