{
  "rmse": 1.6658295683809785,
  "mse": 2.774988150892357,
  "mae": 1.1584915690863462,
  "horizon": 8,
  "model": "DLinear"
}