{
  "rmse": 2.153986315296514,
  "mse": 4.639657046484653,
  "mae": 1.5858635131964292,
  "horizon": 8,
  "model": "DLinear"
}