{
  "rmse": 0.9754517493067295,
  "mse": 0.9515061152255587,
  "mae": 0.863714730397088,
  "horizon": 8,
  "model": "DLinear"
}