{
  "rmse": 1.258315368295816,
  "mse": 1.583357566089435,
  "mae": 0.9124867655595161,
  "horizon": 8,
  "model": "DLinear"
}