{
  "rmse": 1.1004617262338883,
  "mse": 1.2110160109056691,
  "mae": 0.8738879442076111,
  "horizon": 8,
  "model": "DLinear"
}