{
  "rmse": 1.302676315969528,
  "mse": 1.6969655841879414,
  "mae": 1.1728162525321335,
  "horizon": 8,
  "model": "DLinear"
}