{
  "rmse": 1.3388286537489957,
  "mse": 1.7924621640993486,
  "mae": 1.1146589471553172,
  "horizon": 8,
  "model": "DLinear"
}