{
  "rmse": 1.8522038201821576,
  "mse": 3.4306589914973786,
  "mae": 1.082915633684189,
  "horizon": 8,
  "model": "DLinear"
}