{
  "rmse": 1.1761284027175345,
  "mse": 1.3832780196788987,
  "mae": 0.8801404952839498,
  "horizon": 8,
  "model": "DLinear"
}