{
  "rmse": 0.8684693653773013,
  "mse": 0.7542390385988526,
  "mae": 0.8033165519292171,
  "horizon": 8,
  "model": "DLinear"
}