{
  "rmse": 2.1092672915986204,
  "mse": 4.44900850740778,
  "mae": 1.3285730398336462,
  "horizon": 8,
  "model": "DLinear"
}