{
  "rmse": 2.802883345095957,
  "mse": 7.856155046216302,
  "mae": 2.0994333673281353,
  "horizon": 8,
  "model": "DLinear"
}