{
  "rmse": 2.1898900207570424,
  "mse": 4.795618303011279,
  "mae": 1.62676706263977,
  "horizon": 8,
  "model": "DLinear"
}