{
  "rmse": 1.0479844798148588,
  "mse": 1.09827146993282,
  "mae": 0.7823610400976002,
  "horizon": 8,
  "model": "DLinear"
}