{
  "rmse": 1.613227601847019,
  "mse": 2.6025032953610845,
  "mae": 1.3824576563161624,
  "horizon": 8,
  "model": "DLinear"
}