{
  "rmse": 1.6541974462302018,
  "mse": 2.7363691911145214,
  "mae": 1.1195976545355735,
  "horizon": 8,
  "model": "DLinear"
}