{
  "rmse": 3.8219532056011727,
  "mse": 14.607326305805081,
  "mae": 3.254347637799732,
  "horizon": 8,
  "model": "DLinear"
}