{
  "rmse": 2.5850382526401803,
  "mse": 6.682422767612997,
  "mae": 2.0257656626991025,
  "horizon": 8,
  "model": "DLinear"
}