{
  "rmse": 2.3183305639943885,
  "mse": 5.37465660395054,
  "mae": 1.7708620440703955,
  "horizon": 8,
  "model": "DLinear"
}