{
  "rmse": 1.073828552366258,
  "mse": 1.1531077598770136,
  "mae": 0.9458328630675741,
  "horizon": 8,
  "model": "DLinear"
}