{
  "rmse": 1.0623500421808578,
  "mse": 1.1285876121216702,
  "mae": 0.985629253838765,
  "horizon": 8,
  "model": "DLinear"
}