{
  "rmse": 1.6558805819488018,
  "mse": 2.741940501675103,
  "mae": 1.615385253676744,
  "horizon": 8,
  "model": "DLinear"
}