{
  "rmse": 1.6740308946539806,
  "mse": 2.8023794362560066,
  "mae": 1.6345733639825868,
  "horizon": 8,
  "model": "DLinear"
}