{
  "rmse": 2.0834277202491096,
  "mse": 4.340671065502401,
  "mae": 1.4612550111023332,
  "horizon": 8,
  "model": "DLinear"
}