{
  "rmse": 2.5574320122710814,
  "mse": 6.540458497388912,
  "mae": 1.8527431225791013,
  "horizon": 8,
  "model": "DLinear"
}