{
  "rmse": 0.7384630065644752,
  "mse": 0.5453276120642441,
  "mae": 0.6815165445654392,
  "horizon": 8,
  "model": "DLinear"
}