{
  "rmse": 1.1247593708952033,
  "mse": 1.2650836424165735,
  "mae": 0.9288922027757547,
  "horizon": 8,
  "model": "DLinear"
}