{
  "rmse": 3.3375723003283686,
  "mse": 11.139388859919197,
  "mae": 2.7432683197753702,
  "horizon": 8,
  "model": "DLinear"
}