{
  "rmse": 2.0567665616491877,
  "mse": 4.230288689118222,
  "mae": 1.5175285812126647,
  "horizon": 8,
  "model": "DLinear"
}