{
  "rmse": 1.5953893767421625,
  "mse": 2.545267263421746,
  "mae": 1.3422997166154174,
  "horizon": 8,
  "model": "DLinear"
}