{
  "rmse": 0.5674217409937534,
  "mse": 0.3219674321523822,
  "mae": 0.44613668419556785,
  "horizon": 8,
  "model": "DLinear"
}