{
  "rmse": 1.5690033371036995,
  "mse": 2.461771471842545,
  "mae": 1.4925268667617004,
  "horizon": 8,
  "model": "DLinear"
}