{
  "rmse": 2.310096003372227,
  "mse": 5.336543544796337,
  "mae": 2.113567099519248,
  "horizon": 8,
  "model": "DLinear"
}