{
  "rmse": 0.8909863885728475,
  "mse": 0.7938567446220852,
  "mae": 0.7698126403265673,
  "horizon": 8,
  "model": "DLinear"
}