{
  "rmse": 3.64295555016824,
  "mse": 13.271125140501585,
  "mae": 3.2404036013726967,
  "horizon": 8,
  "model": "DLinear"
}