{
  "rmse": 1.1043052582426216,
  "mse": 1.2194901033823033,
  "mae": 0.902554345373217,
  "horizon": 8,
  "model": "DLinear"
}