{
  "rmse": 1.6473104580560023,
  "mse": 2.713631745220676,
  "mae": 1.1762753094458462,
  "horizon": 8,
  "model": "DLinear"
}