{
  "rmse": 1.5927848841913936,
  "mse": 2.5369636873085915,
  "mae": 1.1374736758399804,
  "horizon": 8,
  "model": "DLinear"
}