{
  "rmse": 1.4840833946536485,
  "mse": 2.202503522286697,
  "mae": 0.9341750671885678,
  "horizon": 8,
  "model": "DLinear"
}