{
  "rmse": 1.9478265447301992,
  "mse": 3.7940282483555867,
  "mae": 1.7571861553836685,
  "horizon": 8,
  "model": "DLinear"
}