{
  "rmse": 2.4027286582597913,
  "mse": 5.773105005222897,
  "mae": 1.7770923688953304,
  "horizon": 8,
  "model": "DLinear"
}