{
  "rmse": 1.1055269877501357,
  "mse": 1.2221899206438884,
  "mae": 0.9280389600165155,
  "horizon": 8,
  "model": "DLinear"
}