{
  "rmse": 2.036516509330033,
  "mse": 4.147399492773783,
  "mae": 1.3902888580624588,
  "horizon": 8,
  "model": "DLinear"
}