{
  "rmse": 1.3830595489302617,
  "mse": 1.912853715887179,
  "mae": 1.08758725686014,
  "horizon": 8,
  "model": "DLinear"
}