{
  "rmse": 2.321473599677684,
  "mse": 5.389239674000464,
  "mae": 2.140407210290868,
  "horizon": 8,
  "model": "DLinear"
}