{
  "rmse": 0.28346582808098003,
  "mse": 0.08035287568963573,
  "mae": 0.23679834713038828,
  "horizon": 8,
  "model": "DLinear"
}