{
  "rmse": 0.9084951019126708,
  "mse": 0.8253633501993142,
  "mae": 0.7924663511694519,
  "horizon": 8,
  "model": "DLinear"
}