{
  "rmse": 1.3832653069891787,
  "mse": 1.9134229095198667,
  "mae": 1.0051654455633878,
  "horizon": 8,
  "model": "DLinear"
}