{
  "rmse": 2.626746187263096,
  "mse": 6.899795532301211,
  "mae": 2.5255656378753524,
  "horizon": 8,
  "model": "DLinear"
}