{
  "rmse": 1.7158691006373408,
  "mse": 2.9442067705219963,
  "mae": 1.5501330062025325,
  "horizon": 8,
  "model": "DLinear"
}