{
  "rmse": 1.2356888007019469,
  "mse": 1.526926812180216,
  "mae": 0.9043642090492656,
  "horizon": 8,
  "model": "DLinear"
}