{
  "rmse": 4.346406851730567,
  "mse": 18.891252520770415,
  "mae": 3.8124823247641184,
  "horizon": 8,
  "model": "DLinear"
}