{
  "rmse": 2.162201539008623,
  "mse": 4.675115495291259,
  "mae": 1.9474734551058352,
  "horizon": 8,
  "model": "DLinear"
}