{
  "rmse": 2.592110739179436,
  "mse": 6.719038084169361,
  "mae": 2.278883176876267,
  "horizon": 8,
  "model": "DLinear"
}