{
  "rmse": 3.0319738211810923,
  "mse": 9.192865252327474,
  "mae": 2.7795137119495315,
  "horizon": 8,
  "model": "DLinear"
}