{
  "rmse": 2.011613933194387,
  "mse": 4.046590616221793,
  "mae": 1.7270724581712207,
  "horizon": 8,
  "model": "DLinear"
}