{
  "rmse": 1.8599098368329587,
  "mse": 3.4592646011480035,
  "mae": 1.536098155318335,
  "horizon": 8,
  "model": "DLinear"
}