{
  "rmse": 1.4702195904439643,
  "mse": 2.1615456441252183,
  "mae": 1.128864493382887,
  "horizon": 8,
  "model": "DLinear"
}