{
  "rmse": 1.0090676044343543,
  "mse": 1.0182174303188865,
  "mae": 0.581642252479404,
  "horizon": 8,
  "model": "DLinear"
}