{
  "rmse": 0.2572334433458155,
  "mse": 0.06616904437554486,
  "mae": 0.2005296174852269,
  "horizon": 8,
  "model": "DLinear"
}