{
  "rmse": 1.4970975577895766,
  "mse": 2.241301097539515,
  "mae": 1.1716239367920105,
  "horizon": 8,
  "model": "DLinear"
}