{
  "rmse": 3.1847652352524514,
  "mse": 10.142729603672603,
  "mae": 2.43142331794842,
  "horizon": 8,
  "model": "DLinear"
}