{
  "rmse": 1.6015774354563437,
  "mse": 2.565050281762919,
  "mae": 1.495311566484515,
  "horizon": 8,
  "model": "DLinear"
}