{
  "rmse": 1.6216143606294677,
  "mse": 2.6296331345997177,
  "mae": 1.3541351263743233,
  "horizon": 8,
  "model": "DLinear"
}