{
  "rmse": 1.579461747551881,
  "mse": 2.494699411979642,
  "mae": 1.461750670656453,
  "horizon": 8,
  "model": "DLinear"
}