{
  "rmse": 1.9377057779385438,
  "mse": 3.7547036818564177,
  "mae": 1.6328502761601351,
  "horizon": 8,
  "model": "DLinear"
}