{
  "rmse": 1.4444093674633534,
  "mse": 2.0863184208158843,
  "mae": 1.1366159402236802,
  "horizon": 8,
  "model": "DLinear"
}