{
  "rmse": 0.9814183119154202,
  "mse": 0.963181902962913,
  "mae": 0.9444228657064411,
  "horizon": 8,
  "model": "DLinear"
}