{
  "rmse": 1.0869276371546581,
  "mse": 1.181411688410608,
  "mae": 0.7154031287296867,
  "horizon": 8,
  "model": "DLinear"
}