{
  "rmse": 1.0124795157057418,
  "mse": 1.0251147697237333,
  "mae": 0.748508585843477,
  "horizon": 8,
  "model": "DLinear"
}