{
  "rmse": 1.3396195804736768,
  "mse": 1.7945806203884698,
  "mae": 1.0855700534776402,
  "horizon": 8,
  "model": "DLinear"
}