{
  "rmse": 1.3769053868448906,
  "mse": 1.8958684443224776,
  "mae": 0.834770912611019,
  "horizon": 8,
  "model": "DLinear"
}