{
  "rmse": 1.0532847543342827,
  "mse": 1.1094087737130305,
  "mae": 0.8993801458595914,
  "horizon": 8,
  "model": "DLinear"
}