{
  "rmse": 0.24865424006958503,
  "mse": 0.061828931104582825,
  "mae": 0.22745246201438848,
  "horizon": 8,
  "model": "DLinear"
}