{
  "rmse": 2.0064732904698865,
  "mse": 4.025935065369054,
  "mae": 1.654581897470694,
  "horizon": 8,
  "model": "DLinear"
}