{
  "rmse": 2.215598289058877,
  "mse": 4.908875778480622,
  "mae": 1.5373995882662101,
  "horizon": 8,
  "model": "DLinear"
}