{
  "rmse": 1.0388018341179586,
  "mse": 1.0791092505668347,
  "mae": 0.879067031737534,
  "horizon": 8,
  "model": "DLinear"
}