{
  "rmse": 1.3518746587647288,
  "mse": 1.8275650930102518,
  "mae": 0.9202826397022426,
  "horizon": 8,
  "model": "DLinear"
}