{
  "rmse": 4.069916147229362,
  "mse": 16.564217445478292,
  "mae": 3.1522507518989107,
  "horizon": 8,
  "model": "DLinear"
}