{
  "rmse": 4.2986255044420005,
  "mse": 18.47818122743924,
  "mae": 3.3499740270580185,
  "horizon": 8,
  "model": "DLinear"
}