{
  "rmse": 1.487559264419215,
  "mse": 2.212832565159436,
  "mae": 1.1400083843114648,
  "horizon": 8,
  "model": "DLinear"
}