{
  "rmse": 0.973512126351925,
  "mse": 0.9477258601542464,
  "mae": 0.8758109465044375,
  "horizon": 8,
  "model": "DLinear"
}