{
  "rmse": 1.1643089971471425,
  "mse": 1.3556154408377847,
  "mae": 0.749142453887448,
  "horizon": 8,
  "model": "DLinear"
}