{
  "rmse": 1.2217855487229499,
  "mse": 1.49275992706824,
  "mae": 0.8217448967840819,
  "horizon": 8,
  "model": "DLinear"
}