{
  "rmse": 2.2165556531659165,
  "mse": 4.913118963581782,
  "mae": 1.7152266370666047,
  "horizon": 8,
  "model": "DLinear"
}