{
  "rmse": 0.5612518132829032,
  "mse": 0.3150035979133468,
  "mae": 0.4782531109694159,
  "horizon": 8,
  "model": "DLinear"
}