{
  "rmse": 1.016447166276786,
  "mse": 1.0331648418321082,
  "mae": 0.927725656842898,
  "horizon": 8,
  "model": "DLinear"
}