{
  "rmse": 0.9889880922205971,
  "mse": 0.9780974465541363,
  "mae": 0.8874418388725593,
  "horizon": 8,
  "model": "DLinear"
}