{
  "rmse": 0.2473705028296993,
  "mse": 0.06119216567021827,
  "mae": 0.19040282699786504,
  "horizon": 8,
  "model": "DLinear"
}