{
  "rmse": 1.1499845292414017,
  "mse": 1.3224644174945683,
  "mae": 0.8509058392493802,
  "horizon": 8,
  "model": "DLinear"
}