{
  "rmse": 2.0883706408248552,
  "mse": 4.361291933459216,
  "mae": 1.7521624640691473,
  "horizon": 8,
  "model": "DLinear"
}