{
  "rmse": 2.127370377974501,
  "mse": 4.525704725083372,
  "mae": 1.477127252927953,
  "horizon": 8,
  "model": "DLinear"
}