{
  "rmse": 0.5719305567879145,
  "mse": 0.32710456178773384,
  "mae": 0.4277508788812656,
  "horizon": 8,
  "model": "DLinear"
}