{
  "rmse": 3.6795164445324184,
  "mse": 13.538841265584491,
  "mae": 2.847650180211334,
  "horizon": 8,
  "model": "DLinear"
}