{
  "rmse": 3.392821812545588,
  "mse": 11.511239851685128,
  "mae": 2.4089328465818722,
  "horizon": 8,
  "model": "DLinear"
}