{
  "rmse": 1.6720491532534778,
  "mse": 2.795748370895672,
  "mae": 1.3946453338403129,
  "horizon": 8,
  "model": "DLinear"
}