{
  "rmse": 1.3543904028155531,
  "mse": 1.8343733632388763,
  "mae": 1.0252205020432688,
  "horizon": 8,
  "model": "DLinear"
}