{
  "rmse": 1.3911680210449024,
  "mse": 1.9353484627779902,
  "mae": 1.008242253493282,
  "horizon": 8,
  "model": "DLinear"
}