{
  "rmse": 1.6566906755334874,
  "mse": 2.7446239943996025,
  "mae": 1.1575029993097008,
  "horizon": 8,
  "model": "DLinear"
}