{
  "rmse": 1.5160458937156591,
  "mse": 2.2983951518521115,
  "mae": 1.0429273846227685,
  "horizon": 8,
  "model": "DLinear"
}