{
  "rmse": 1.2744850521460882,
  "mse": 1.6243121481438174,
  "mae": 1.1252054060715149,
  "horizon": 8,
  "model": "DLinear"
}