{
  "rmse": 1.7361776790720846,
  "mse": 3.01431293330813,
  "mae": 1.2906475533439639,
  "horizon": 8,
  "model": "DLinear"
}