{
  "rmse": 3.0923728288197374,
  "mse": 9.562769712422586,
  "mae": 2.5012888624363008,
  "horizon": 8,
  "model": "DLinear"
}