{
  "rmse": 1.488676518238019,
  "mse": 2.2161577759532713,
  "mae": 1.1910047603753626,
  "horizon": 8,
  "model": "DLinear"
}