{
  "rmse": 1.7643664870640308,
  "mse": 3.1129891006746684,
  "mae": 1.5099298327548873,
  "horizon": 8,
  "model": "DLinear"
}