{
  "rmse": 1.146194861731776,
  "mse": 1.3137626610603252,
  "mae": 0.8992558087189191,
  "horizon": 8,
  "model": "DLinear"
}