{
  "rmse": 0.26139645561149855,
  "mse": 0.06832810700625414,
  "mae": 0.2282125607693246,
  "horizon": 8,
  "model": "DLinear"
}