{
  "rmse": 0.8459908922258755,
  "mse": 0.7157005897291329,
  "mae": 0.6402122710940228,
  "horizon": 8,
  "model": "DLinear"
}