{
  "rmse": 1.2911214839113052,
  "mse": 1.6669946862173308,
  "mae": 0.9476106473639461,
  "horizon": 8,
  "model": "DLinear"
}