{
  "rmse": 0.6627416594901168,
  "mse": 0.4392265072237138,
  "mae": 0.557643064574004,
  "horizon": 8,
  "model": "DLinear"
}