{
  "rmse": 1.3118842502295922,
  "mse": 1.7210402860004592,
  "mae": 1.1827640768221812,
  "horizon": 8,
  "model": "DLinear"
}