{
  "rmse": 1.8060590090612272,
  "mse": 3.261849144211222,
  "mae": 1.164623642320484,
  "horizon": 8,
  "model": "DLinear"
}