{
  "rmse": 2.254414057097332,
  "mse": 5.082382740838052,
  "mae": 1.674864258416242,
  "horizon": 8,
  "model": "DLinear"
}