{
  "rmse": 0.18068563388994005,
  "mse": 0.032647298294209454,
  "mae": 0.15811726218714212,
  "horizon": 8,
  "model": "DLinear"
}