{
  "rmse": 1.419088835079877,
  "mse": 2.0138131218483624,
  "mae": 1.1174212876290515,
  "horizon": 8,
  "model": "DLinear"
}