{
  "rmse": 1.6340314629094872,
  "mse": 2.670058821778119,
  "mae": 1.427283710601717,
  "horizon": 8,
  "model": "DLinear"
}