{
  "rmse": 3.866818520333136,
  "mse": 14.952285469191342,
  "mae": 3.10489849401994,
  "horizon": 8,
  "model": "DLinear"
}