{
  "rmse": 1.630040110010216,
  "mse": 2.657030760242117,
  "mae": 1.1771400357321102,
  "horizon": 8,
  "model": "DLinear"
}