{
  "rmse": 1.1117813996437107,
  "mse": 1.2360578805937283,
  "mae": 0.8597115622877172,
  "horizon": 8,
  "model": "DLinear"
}