{
  "rmse": 3.997282187203918,
  "mse": 15.978264884137737,
  "mae": 3.4558097408821986,
  "horizon": 8,
  "model": "DLinear"
}