{
  "rmse": 1.0018247181986686,
  "mse": 1.0036527659938417,
  "mae": 0.8707813059373648,
  "horizon": 8,
  "model": "DLinear"
}