{
  "rmse": 1.825883193827444,
  "mse": 3.3338494375015078,
  "mae": 1.5081410735847407,
  "horizon": 8,
  "model": "DLinear"
}