{
  "rmse": 0.8639841245605504,
  "mse": 0.7464685674926607,
  "mae": 0.6786244088584015,
  "horizon": 8,
  "model": "DLinear"
}