{
  "rmse": 4.151178721596208,
  "mse": 17.232284778633133,
  "mae": 3.1300599260623656,
  "horizon": 8,
  "model": "DLinear"
}