{
  "rmse": 1.4265300380568104,
  "mse": 2.0349879494783654,
  "mae": 1.3531376993175028,
  "horizon": 8,
  "model": "DLinear"
}