{
  "rmse": 0.3187314675713308,
  "mse": 0.10158974842017429,
  "mae": 0.25875342363658804,
  "horizon": 8,
  "model": "DLinear"
}