{
  "rmse": 1.3555546302067918,
  "mse": 1.8375283554750719,
  "mae": 1.049549366367498,
  "horizon": 8,
  "model": "DLinear"
}