{
  "rmse": 1.4177424426550034,
  "mse": 2.0099936337053754,
  "mae": 1.1641751507502778,
  "horizon": 8,
  "model": "DLinear"
}