{
  "rmse": 0.4992889146211567,
  "mse": 0.2492894202635727,
  "mae": 0.41602496804152445,
  "horizon": 8,
  "model": "DLinear"
}