{
  "rmse": 1.1132993983824269,
  "mse": 1.2394355504386734,
  "mae": 0.7678821352560457,
  "horizon": 8,
  "model": "DLinear"
}