{
  "rmse": 3.4730720715411074,
  "mse": 12.06222961411884,
  "mae": 2.809469055685106,
  "horizon": 8,
  "model": "DLinear"
}