{
  "rmse": 2.16300840698209,
  "mse": 4.678605368675197,
  "mae": 1.5754242075389238,
  "horizon": 8,
  "model": "DLinear"
}