{
  "rmse": 0.9546030144266291,
  "mse": 0.9112669151524071,
  "mae": 0.8107052795422134,
  "horizon": 8,
  "model": "DLinear"
}