{
  "rmse": 2.082263426334818,
  "mse": 4.335820976651615,
  "mae": 1.5322559114830865,
  "horizon": 8,
  "model": "DLinear"
}