{
  "rmse": 1.3894412309128317,
  "mse": 1.9305469341605646,
  "mae": 1.247800836937091,
  "horizon": 8,
  "model": "DLinear"
}