{
  "rmse": 1.7772560904059689,
  "mse": 3.1586392108851093,
  "mae": 1.0930911342477967,
  "horizon": 8,
  "model": "DLinear"
}