{
  "rmse": 1.0499700426553544,
  "mse": 1.1024370904736869,
  "mae": 0.8548898543831824,
  "horizon": 8,
  "model": "DLinear"
}