{
  "rmse": 2.444715003836891,
  "mse": 5.976631449985211,
  "mae": 1.8082260729247936,
  "horizon": 8,
  "model": "DLinear"
}