{
  "rmse": 1.5224669555618278,
  "mse": 2.3179056307777004,
  "mae": 1.3127365446005772,
  "horizon": 8,
  "model": "DLinear"
}