{
  "rmse": 0.9621184572424047,
  "mse": 0.925671925766505,
  "mae": 0.6964709225125962,
  "horizon": 8,
  "model": "DLinear"
}