{
  "rmse": 4.757997744540589,
  "mse": 22.638542537053333,
  "mae": 4.029881967438499,
  "horizon": 8,
  "model": "DLinear"
}