{
  "rmse": 1.5551076072841228,
  "mse": 2.4183596702329493,
  "mae": 1.0710643066768668,
  "horizon": 8,
  "model": "DLinear"
}