{
  "rmse": 1.759533559560325,
  "mse": 3.0959583472190273,
  "mae": 1.6504979927318773,
  "horizon": 8,
  "model": "DLinear"
}