{
  "rmse": 1.5411411842962393,
  "mse": 2.3751161499340148,
  "mae": 1.2577068568281016,
  "horizon": 8,
  "model": "DLinear"
}