{
  "rmse": 1.2389029960765396,
  "mse": 1.5348806336874263,
  "mae": 0.9338372944956719,
  "horizon": 8,
  "model": "DLinear"
}