{
  "rmse": 2.9088217601061466,
  "mse": 8.461244032067022,
  "mae": 2.453376818866522,
  "horizon": 8,
  "model": "DLinear"
}