{
  "rmse": 3.931546837462409,
  "mse": 15.45706053516067,
  "mae": 3.048949493040321,
  "horizon": 8,
  "model": "DLinear"
}