{
  "rmse": 1.7428857043445587,
  "mse": 3.0376505784086287,
  "mae": 1.135161939501109,
  "horizon": 8,
  "model": "DLinear"
}