{
  "rmse": 2.046271690472813,
  "mse": 4.187227831230464,
  "mae": 1.7713712256978895,
  "horizon": 8,
  "model": "DLinear"
}