{
  "rmse": 1.6885310774167592,
  "mse": 2.8511371994022014,
  "mae": 1.380906278892768,
  "horizon": 8,
  "model": "DLinear"
}