{
  "rmse": 1.5408579471869048,
  "mse": 2.3742432134090423,
  "mae": 1.3109059120019473,
  "horizon": 8,
  "model": "DLinear"
}