{
  "rmse": 0.7901440632623394,
  "mse": 0.6243276407087198,
  "mae": 0.674369467251906,
  "horizon": 8,
  "model": "DLinear"
}