{
  "rmse": 1.11200337411781,
  "mse": 1.2365515040493937,
  "mae": 0.9069938786988185,
  "horizon": 8,
  "model": "DLinear"
}