{
  "rmse": 0.41579839279842246,
  "mse": 0.17288830345375122,
  "mae": 0.34634914474641265,
  "horizon": 8,
  "model": "DLinear"
}