{
  "rmse": 2.2159036389228004,
  "mse": 4.910228936991309,
  "mae": 1.7993083992060321,
  "horizon": 8,
  "model": "DLinear"
}