{
  "rmse": 4.137751895543251,
  "mse": 17.12099074907177,
  "mae": 3.1552500403962136,
  "horizon": 8,
  "model": "DLinear"
}