{
  "rmse": 0.4193842676539216,
  "mse": 0.17588316395561615,
  "mae": 0.33297262860332255,
  "horizon": 8,
  "model": "DLinear"
}