{
  "rmse": 1.0793893726761492,
  "mse": 1.165081417846211,
  "mae": 0.7619239196620997,
  "horizon": 8,
  "model": "DLinear"
}