{
  "rmse": 1.4530852675159798,
  "mse": 2.1114567946719864,
  "mae": 1.0043565734766577,
  "horizon": 8,
  "model": "DLinear"
}