{
  "rmse": 1.5756539596803185,
  "mse": 2.482685400656267,
  "mae": 1.0656538777342872,
  "horizon": 8,
  "model": "DLinear"
}