{
  "rmse": 1.3143937599992184,
  "mse": 1.7276309563248828,
  "mae": 0.9094406628573775,
  "horizon": 8,
  "model": "DLinear"
}