{
  "rmse": 2.1618792210379776,
  "mse": 4.673721766355773,
  "mae": 1.6036232192136053,
  "horizon": 8,
  "model": "DLinear"
}