{
  "rmse": 1.5949781918924766,
  "mse": 2.543955432612594,
  "mae": 1.2539847534536257,
  "horizon": 8,
  "model": "DLinear"
}