{
  "rmse": 2.1676781123284052,
  "mse": 4.698828398667639,
  "mae": 1.53378525123974,
  "horizon": 8,
  "model": "DLinear"
}