{
  "rmse": 3.856283164597258,
  "mse": 14.87091984555624,
  "mae": 2.596312934490585,
  "horizon": 8,
  "model": "DLinear"
}