{
  "rmse": 2.4655285204140314,
  "mse": 6.078830884975003,
  "mae": 1.6661358731002678,
  "horizon": 8,
  "model": "DLinear"
}