{
  "rmse": 3.3188862919351956,
  "mse": 11.015006218795351,
  "mae": 2.780734090301281,
  "horizon": 8,
  "model": "DLinear"
}