{
  "rmse": 0.4287853781246828,
  "mse": 0.1838569004935272,
  "mae": 0.2645497995700534,
  "horizon": 8,
  "model": "DLinear"
}