{
  "rmse": 1.6576732560874807,
  "mse": 2.7478806239476703,
  "mae": 1.3473837412445282,
  "horizon": 8,
  "model": "DLinear"
}