{
  "rmse": 1.2707725455605747,
  "mse": 1.614862862550503,
  "mae": 0.9222068089188737,
  "horizon": 8,
  "model": "DLinear"
}