{
  "rmse": 0.19953962302597877,
  "mse": 0.039816061157349716,
  "mae": 0.19204384604670433,
  "horizon": 8,
  "model": "DLinear"
}