{
  "rmse": 0.5429263046212582,
  "mse": 0.29476897224969534,
  "mae": 0.41016580703392735,
  "horizon": 8,
  "model": "DLinear"
}