{
  "rmse": 3.8532829744466355,
  "mse": 14.847789681160311,
  "mae": 2.9242335959242918,
  "horizon": 8,
  "model": "DLinear"
}