{
  "rmse": 1.2970204023298892,
  "mse": 1.6822619240599876,
  "mae": 1.0331702187757812,
  "horizon": 8,
  "model": "DLinear"
}