{
  "rmse": 3.342760219397743,
  "mse": 11.174045884388047,
  "mae": 2.9216906230658046,
  "horizon": 8,
  "model": "DLinear"
}