{
  "rmse": 1.884636558846636,
  "mse": 3.55185495894129,
  "mae": 1.7404313299503138,
  "horizon": 8,
  "model": "DLinear"
}