{
  "rmse": 2.4420515504731073,
  "mse": 5.9636157751681065,
  "mae": 1.9186141388646272,
  "horizon": 8,
  "model": "DLinear"
}