{
  "rmse": 2.8591961220890463,
  "mse": 8.17500246456904,
  "mae": 1.9305350499230713,
  "horizon": 8,
  "model": "DLinear"
}