{
  "rmse": 0.42380593279410156,
  "mse": 0.1796114686714785,
  "mae": 0.3176474777917875,
  "horizon": 8,
  "model": "DLinear"
}