{
  "rmse": 1.1136400730967813,
  "mse": 1.2401942124070042,
  "mae": 0.856438668819278,
  "horizon": 8,
  "model": "DLinear"
}