{
  "rmse": 2.815733891402695,
  "mse": 7.928357347193764,
  "mae": 2.2228393780816718,
  "horizon": 8,
  "model": "DLinear"
}