{
  "rmse": 1.9122579274491704,
  "mse": 3.6567303810921965,
  "mae": 1.618481727687366,
  "horizon": 8,
  "model": "DLinear"
}