{
  "rmse": 1.6477873281266444,
  "mse": 2.7152030787347456,
  "mae": 1.1755550921376892,
  "horizon": 8,
  "model": "DLinear"
}