{
  "rmse": 1.2678505334005867,
  "mse": 1.6074449750441522,
  "mae": 1.1030992322790207,
  "horizon": 8,
  "model": "DLinear"
}