{
  "rmse": 1.7423619915654274,
  "mse": 3.0358253096518424,
  "mae": 1.5180473498190894,
  "horizon": 8,
  "model": "DLinear"
}