{
  "rmse": 1.3913202284899264,
  "mse": 1.9357719782052614,
  "mae": 1.2722963412373005,
  "horizon": 8,
  "model": "DLinear"
}