{
  "rmse": 1.3338868155706203,
  "mse": 1.77925403675313,
  "mae": 1.2403288749139034,
  "horizon": 8,
  "model": "DLinear"
}