{
  "rmse": 1.515607098618016,
  "mse": 2.2970648773813203,
  "mae": 1.0696705356217109,
  "horizon": 8,
  "model": "DLinear"
}