{
  "rmse": 0.7879010553728009,
  "mse": 0.6207880730575734,
  "mae": 0.6440812184330449,
  "horizon": 8,
  "model": "DLinear"
}