{
  "rmse": 0.3212982866376959,
  "mse": 0.10323258899631897,
  "mae": 0.2513779026723917,
  "horizon": 8,
  "model": "DLinear"
}