{
  "rmse": 0.5758526959138159,
  "mse": 0.3316063273912098,
  "mae": 0.4667886579128382,
  "horizon": 8,
  "model": "DLinear"
}