{
  "rmse": 1.6608257269625164,
  "mse": 2.758342095340571,
  "mae": 1.4711094174567494,
  "horizon": 8,
  "model": "DLinear"
}