{
  "rmse": 1.3292229859658249,
  "mse": 1.7668337464199033,
  "mae": 1.1792698702194366,
  "horizon": 8,
  "model": "DLinear"
}