{
  "rmse": 1.4015596791127056,
  "mse": 1.9643695341145107,
  "mae": 1.3189921705689946,
  "horizon": 8,
  "model": "DLinear"
}