{
  "rmse": 1.293807468836213,
  "mse": 1.6739377664163677,
  "mae": 1.0211971457237445,
  "horizon": 8,
  "model": "DLinear"
}