{
  "rmse": 0.37514218592112564,
  "mse": 0.1407316596576804,
  "mae": 0.2827769172825599,
  "horizon": 8,
  "model": "DLinear"
}