{
  "rmse": 1.854455147916616,
  "mse": 3.439003895634438,
  "mae": 1.5804064788426624,
  "horizon": 8,
  "model": "DLinear"
}