{
  "rmse": 1.6488366460776687,
  "mse": 2.7186622854486555,
  "mae": 1.4705026160597447,
  "horizon": 8,
  "model": "DLinear"
}