{
  "rmse": 1.5056914722241947,
  "mse": 2.267106809528663,
  "mae": 0.9445674577861163,
  "horizon": 8,
  "model": "DLinear"
}