{
  "rmse": 1.1687822964228007,
  "mse": 1.3660520564313554,
  "mae": 1.0047027715047911,
  "horizon": 8,
  "model": "DLinear"
}