{
  "rmse": 0.9574975062641089,
  "mse": 0.9168014745019872,
  "mae": 0.863969165691802,
  "horizon": 8,
  "model": "DLinear"
}