{
  "rmse": 1.3359207276317255,
  "mse": 1.7846841905160793,
  "mae": 1.2266371296217535,
  "horizon": 8,
  "model": "DLinear"
}