{
  "rmse": 1.1413452103039818,
  "mse": 1.3026688890838405,
  "mae": 0.9802408805590455,
  "horizon": 8,
  "model": "DLinear"
}