{
  "rmse": 1.5858944814429359,
  "mse": 2.5150613062711584,
  "mae": 0.9962747863553156,
  "horizon": 8,
  "model": "DLinear"
}