{
  "rmse": 1.4769589682789583,
  "mse": 2.1814077939796452,
  "mae": 1.2004363068966097,
  "horizon": 8,
  "model": "DLinear"
}