{
  "rmse": 1.7851996742864804,
  "mse": 3.1869378770725554,
  "mae": 1.5131972722607872,
  "horizon": 8,
  "model": "DLinear"
}