{
  "rmse": 2.7711616317044627,
  "mse": 7.679336789030939,
  "mae": 2.289876953930712,
  "horizon": 8,
  "model": "DLinear"
}