{
  "rmse": 4.063352564964482,
  "mse": 16.51083406720344,
  "mae": 3.259988291199672,
  "horizon": 8,
  "model": "DLinear"
}