{
  "rmse": 0.295079594482573,
  "mse": 0.08707196707999973,
  "mae": 0.2710313880251949,
  "horizon": 8,
  "model": "DLinear"
}