{
  "rmse": 1.549426553712518,
  "mse": 2.400722645349451,
  "mae": 1.2121735728892982,
  "horizon": 8,
  "model": "DLinear"
}