{
  "rmse": 1.961116140989723,
  "mse": 3.8459765184504238,
  "mae": 1.6934993901140247,
  "horizon": 8,
  "model": "DLinear"
}