{
  "rmse": 1.4361084704843394,
  "mse": 2.062407538996869,
  "mae": 0.879630102047003,
  "horizon": 8,
  "model": "DLinear"
}