{
  "rmse": 2.6722750506661574,
  "mse": 7.141053946412813,
  "mae": 1.9187063202765793,
  "horizon": 8,
  "model": "DLinear"
}