{
  "rmse": 3.613401699975907,
  "mse": 13.056671845388776,
  "mae": 2.886244433542287,
  "horizon": 8,
  "model": "DLinear"
}