{
  "rmse": 1.9218411789213146,
  "mse": 3.693473516997668,
  "mae": 1.6243537567215283,
  "horizon": 8,
  "model": "DLinear"
}