{
  "rmse": 0.9357286784595342,
  "mse": 0.8755881596916264,
  "mae": 0.8826258253340504,
  "horizon": 8,
  "model": "DLinear"
}