{
  "rmse": 0.1571293275680332,
  "mse": 0.024689625581982275,
  "mae": 0.1364798955765927,
  "horizon": 8,
  "model": "DLinear"
}