{
  "rmse": 1.2430683620155094,
  "mse": 1.5452189526439217,
  "mae": 1.1196998999435746,
  "horizon": 8,
  "model": "DLinear"
}