{
  "rmse": 1.9267701849522085,
  "mse": 3.712443345620768,
  "mae": 1.4960360640589903,
  "horizon": 8,
  "model": "DLinear"
}