{
  "rmse": 1.5319110103272806,
  "mse": 2.3467513435619494,
  "mae": 1.339318006943178,
  "horizon": 8,
  "model": "DLinear"
}