{
  "rmse": 1.6459945488529115,
  "mse": 2.7092980548535,
  "mae": 1.3260178103974471,
  "horizon": 8,
  "model": "DLinear"
}