{
  "rmse": 2.261782116205353,
  "mse": 5.115658341186364,
  "mae": 1.6827629869654221,
  "horizon": 8,
  "model": "DLinear"
}