{
  "rmse": 0.9529809803949106,
  "mse": 0.9081727489944451,
  "mae": 0.7444051336500817,
  "horizon": 8,
  "model": "DLinear"
}