{
  "rmse": 4.062803128210767,
  "mse": 16.506369258599193,
  "mae": 3.0343286265702285,
  "horizon": 8,
  "model": "DLinear"
}