{
  "rmse": 1.8407142873599267,
  "mse": 3.388229087690963,
  "mae": 1.3875046084181069,
  "horizon": 8,
  "model": "DLinear"
}