{
  "rmse": 3.6161144618438765,
  "mse": 13.07628380115643,
  "mae": 2.747631883951677,
  "horizon": 8,
  "model": "DLinear"
}