{
  "rmse": 1.6415499294798201,
  "mse": 2.6946861709752024,
  "mae": 1.133029991482156,
  "horizon": 8,
  "model": "DLinear"
}