{
  "rmse": 4.076321955013084,
  "mse": 16.61640068092169,
  "mae": 3.022246258559504,
  "horizon": 8,
  "model": "DLinear"
}