{
  "rmse": 3.1548116501859993,
  "mse": 9.952836548149309,
  "mae": 2.600196091974895,
  "horizon": 8,
  "model": "DLinear"
}