{
  "rmse": 1.2647645984172757,
  "mse": 1.599629489409613,
  "mae": 0.8673498877946417,
  "horizon": 8,
  "model": "DLinear"
}