{
  "rmse": 1.5068166377048708,
  "mse": 2.2704963796642117,
  "mae": 1.3326453976025925,
  "horizon": 8,
  "model": "DLinear"
}