{
  "rmse": 2.225601518524245,
  "mse": 4.953302119257426,
  "mae": 1.7628059360767128,
  "horizon": 8,
  "model": "DLinear"
}