{
  "rmse": 1.4074688079431807,
  "mse": 1.9809684453329983,
  "mae": 1.2323027111867701,
  "horizon": 8,
  "model": "DLinear"
}