{
  "rmse": 4.034075027362061,
  "mse": 16.27376132638621,
  "mae": 3.0751122038740277,
  "horizon": 8,
  "model": "DLinear"
}