{
  "rmse": 1.2857139470423864,
  "mse": 1.6530603536193125,
  "mae": 1.1412894971965155,
  "horizon": 8,
  "model": "DLinear"
}