{
  "rmse": 2.398430237244937,
  "mse": 5.752467602930803,
  "mae": 2.0607729908212633,
  "horizon": 8,
  "model": "DLinear"
}