{
  "rmse": 0.8139075954464698,
  "mse": 0.6624455739254544,
  "mae": 0.6886267289317782,
  "horizon": 8,
  "model": "DLinear"
}