{
  "rmse": 0.5256281569423878,
  "mse": 0.27628495937065156,
  "mae": 0.414643218551241,
  "horizon": 8,
  "model": "DLinear"
}