{
  "rmse": 3.209479210563775,
  "mse": 10.30075680304107,
  "mae": 2.853452866367317,
  "horizon": 8,
  "model": "DLinear"
}