{
  "rmse": 0.2134216127870852,
  "mse": 0.04554878480464053,
  "mae": 0.191966423344554,
  "horizon": 8,
  "model": "DLinear"
}