{
  "rmse": 1.1782991700699255,
  "mse": 1.388388934187475,
  "mae": 1.0288455627762048,
  "horizon": 8,
  "model": "DLinear"
}