{
  "rmse": 0.32141444162720445,
  "mse": 0.10330724328652763,
  "mae": 0.23705845702012818,
  "horizon": 8,
  "model": "SARIMA"
}