{
  "rmse": 0.25343496716972125,
  "mse": 0.06422928258431769,
  "mae": 0.22302810409157292,
  "horizon": 8,
  "model": "SARIMA"
}