{
  "rmse": 2.9283005311336474,
  "mse": 8.5749440006376,
  "mae": 2.516713193389312,
  "horizon": 8,
  "model": "SARIMA"
}