{
  "rmse": 1.6203410415073254,
  "mse": 2.625505090793044,
  "mae": 1.258297253169916,
  "horizon": 8,
  "model": "SARIMA"
}