{
  "rmse": 2.291859242333106,
  "mse": 5.252618786667679,
  "mae": 1.8641875870829705,
  "horizon": 8,
  "model": "SARIMA"
}