{
  "rmse": 0.456798155844202,
  "mse": 0.20866455518266386,
  "mae": 0.372073074516722,
  "horizon": 8,
  "model": "SARIMA"
}