{
  "rmse": 3.003091150924376,
  "mse": 9.018556460760294,
  "mae": 2.6501328895741287,
  "horizon": 8,
  "model": "SARIMA"
}