{
  "rmse": 1.6084330140036984,
  "mse": 2.587056760537022,
  "mae": 1.487145515119201,
  "horizon": 8,
  "model": "SARIMA"
}