{
  "rmse": 0.6010978347712734,
  "mse": 0.3613186069667131,
  "mae": 0.46374608370702397,
  "horizon": 8,
  "model": "SARIMA"
}