{
  "rmse": 0.6846052815398473,
  "mse": 0.46868439151225366,
  "mae": 0.45002522732502515,
  "horizon": 8,
  "model": "SARIMA"
}