{
  "rmse": 0.5089877102959899,
  "mse": 0.2590684892323545,
  "mae": 0.3171684558687198,
  "horizon": 8,
  "model": "SARIMA"
}