{
  "rmse": 0.6428992790065591,
  "mse": 0.4133194829471535,
  "mae": 0.5314020156283585,
  "horizon": 8,
  "model": "SARIMA"
}