{
  "rmse": 2.1239184116246825,
  "mse": 4.511029419238314,
  "mae": 1.77362171508726,
  "horizon": 8,
  "model": "SARIMA"
}