{
  "rmse": 0.9127304078676421,
  "mse": 0.8330767974462323,
  "mae": 0.7427642452067098,
  "horizon": 8,
  "model": "SARIMA"
}