{
  "rmse": 0.4575493088107768,
  "mse": 0.2093513699932196,
  "mae": 0.3618539255643243,
  "horizon": 8,
  "model": "SARIMA"
}