{
  "rmse": 1.33476668743545,
  "mse": 1.7816021098874044,
  "mae": 1.1821391805647017,
  "horizon": 8,
  "model": "SARIMA"
}