{
  "rmse": 0.45815309836188306,
  "mse": 0.2099042615385933,
  "mae": 0.37105437402110697,
  "horizon": 8,
  "model": "SARIMA"
}