{
  "rmse": 0.7029104691055582,
  "mse": 0.49408312757819584,
  "mae": 0.45012496839709204,
  "horizon": 8,
  "model": "SARIMA"
}