{
  "rmse": 0.6894450769935726,
  "mse": 0.4753345141906733,
  "mae": 0.49139960793730486,
  "horizon": 8,
  "model": "SARIMA"
}