{
  "rmse": 0.791896211510331,
  "mse": 0.6270996098044148,
  "mae": 0.5905587973538617,
  "horizon": 8,
  "model": "SARIMA"
}