{
  "rmse": 0.9435897487811062,
  "mse": 0.8903616140047912,
  "mae": 0.8505163736134222,
  "horizon": 8,
  "model": "SARIMA"
}