{
  "rmse": 1.275584197753258,
  "mse": 1.6271150455578227,
  "mae": 1.15821732286087,
  "horizon": 8,
  "model": "SARIMA"
}