{
  "rmse": 0.9444711240686902,
  "mse": 0.8920257041995752,
  "mae": 0.79514818164354,
  "horizon": 8,
  "model": "SARIMA"
}