{
  "rmse": 0.853731335715149,
  "mse": 0.7288571935819724,
  "mae": 0.6208529086707846,
  "horizon": 8,
  "model": "SARIMA"
}