{
  "rmse": 0.37268510602159677,
  "mse": 0.13889418825032884,
  "mae": 0.26430583171765765,
  "horizon": 8,
  "model": "SARIMA"
}