{
  "rmse": 0.9229380038499043,
  "mse": 0.851814558950446,
  "mae": 0.8772946775240897,
  "horizon": 8,
  "model": "SARIMA"
}