{
  "rmse": 1.6446715104338139,
  "mse": 2.7049443772326427,
  "mae": 1.4355476097485664,
  "horizon": 8,
  "model": "SARIMA"
}