{
  "rmse": 0.527293650293425,
  "mse": 0.2780385936397648,
  "mae": 0.4608600358302368,
  "horizon": 8,
  "model": "SARIMA"
}