{
  "rmse": 0.3452415765006467,
  "mse": 0.11919174614465186,
  "mae": 0.24087978419602907,
  "horizon": 8,
  "model": "SARIMA"
}