{
  "rmse": 0.43001640237252964,
  "mse": 0.1849141063094133,
  "mae": 0.33557371820089976,
  "horizon": 8,
  "model": "SARIMA"
}