{
  "rmse": 1.4141673039979767,
  "mse": 1.9998691636969061,
  "mae": 1.2292374600032767,
  "horizon": 8,
  "model": "SARIMA"
}