{
  "rmse": 0.26842374551937254,
  "mse": 0.07205130715864885,
  "mae": 0.21893516890250186,
  "horizon": 8,
  "model": "SARIMA"
}