{
  "rmse": 2.9126165015855507,
  "mse": 8.483334885308453,
  "mae": 2.451207343687942,
  "horizon": 8,
  "model": "SARIMA"
}