{
  "rmse": 0.6997002543963118,
  "mse": 0.48958044600226336,
  "mae": 0.6083395151756328,
  "horizon": 8,
  "model": "SARIMA"
}