{
  "rmse": 0.8605185594700191,
  "mse": 0.7404921911923568,
  "mae": 0.6386624982348139,
  "horizon": 8,
  "model": "SARIMA"
}