{
  "rmse": 0.7893292237714947,
  "mse": 0.6230406234997103,
  "mae": 0.748969881083478,
  "horizon": 8,
  "model": "SARIMA"
}