{
  "rmse": 0.6469983958201021,
  "mse": 0.4186069241937855,
  "mae": 0.5511864790610344,
  "horizon": 8,
  "model": "SARIMA"
}