{
  "rmse": 0.452783274052181,
  "mse": 0.20501269326141244,
  "mae": 0.31340566299094963,
  "horizon": 8,
  "model": "SARIMA"
}