{
  "rmse": 1.9439034062787177,
  "mse": 3.778760452942002,
  "mae": 1.760751117198097,
  "horizon": 8,
  "model": "SARIMA"
}