{
  "rmse": 0.5132547542196528,
  "mse": 0.2634304427290763,
  "mae": 0.4328381919976221,
  "horizon": 8,
  "model": "SARIMA"
}