{
  "rmse": 1.8853134495448591,
  "mse": 3.554406803034736,
  "mae": 1.676344036392075,
  "horizon": 8,
  "model": "SARIMA"
}