{
  "rmse": 0.7119098140086847,
  "mse": 0.50681558328188,
  "mae": 0.6396255326419866,
  "horizon": 8,
  "model": "SARIMA"
}