{
  "rmse": 0.7933632377306918,
  "mse": 0.6294252269825263,
  "mae": 0.6701879542314524,
  "horizon": 8,
  "model": "SARIMA"
}