{
  "rmse": 0.893716488159017,
  "mse": 0.7987291612072865,
  "mae": 0.822549953845213,
  "horizon": 8,
  "model": "SARIMA"
}