{
  "rmse": 0.4814373496562555,
  "mse": 0.2317819216440396,
  "mae": 0.3881951543440323,
  "horizon": 8,
  "model": "SARIMA"
}