{
  "rmse": 0.9952393176144165,
  "mse": 0.9905012993256095,
  "mae": 0.5096116695288169,
  "horizon": 8,
  "model": "SARIMA"
}