{
  "rmse": 0.8480290352086054,
  "mse": 0.719153244556838,
  "mae": 0.612099573359211,
  "horizon": 8,
  "model": "SARIMA"
}