{
  "rmse": 0.7424172887066982,
  "mse": 0.5511834305706048,
  "mae": 0.6802282472709247,
  "horizon": 8,
  "model": "SARIMA"
}