{
  "rmse": 0.5470040105003408,
  "mse": 0.29921338750345694,
  "mae": 0.44016119427643874,
  "horizon": 8,
  "model": "SARIMA"
}