{
  "rmse": 1.2369065397094716,
  "mse": 1.5299377879760585,
  "mae": 1.0516155567650833,
  "horizon": 8,
  "model": "SARIMA"
}