{
  "rmse": 0.5880461728381736,
  "mse": 0.3457983013896232,
  "mae": 0.4126149613545178,
  "horizon": 8,
  "model": "SARIMA"
}