{
  "rmse": 1.4209220803101577,
  "mse": 2.019019558312946,
  "mae": 0.9942573259150786,
  "horizon": 8,
  "model": "SARIMA"
}