{
  "rmse": 0.721902390024801,
  "mse": 0.5211430607235199,
  "mae": 0.5969867292275222,
  "horizon": 8,
  "model": "SARIMA"
}