{
  "rmse": 0.7569258945422956,
  "mse": 0.5729368098286545,
  "mae": 0.4840368200819185,
  "horizon": 8,
  "model": "SARIMA"
}