{
  "rmse": 0.43562489726947246,
  "mse": 0.18976905112103842,
  "mae": 0.28394922424198565,
  "horizon": 8,
  "model": "SARIMA"
}