{
  "rmse": 0.7303536594110486,
  "mse": 0.53341646781511,
  "mae": 0.4727265105668086,
  "horizon": 8,
  "model": "SARIMA"
}