{
  "rmse": 0.9046274016847003,
  "mse": 0.8183507358788122,
  "mae": 0.7426704823865191,
  "horizon": 8,
  "model": "SARIMA"
}