{
  "rmse": 0.23846210808465787,
  "mse": 0.05686417699217905,
  "mae": 0.17300154765190578,
  "horizon": 8,
  "model": "SARIMA"
}