{
  "rmse": 0.8465978399592158,
  "mse": 0.71672790262361,
  "mae": 0.6838405212458532,
  "horizon": 8,
  "model": "SARIMA"
}