{
  "rmse": 0.8064926940572488,
  "mse": 0.6504304655677191,
  "mae": 0.6525563580009837,
  "horizon": 8,
  "model": "SARIMA"
}