{
  "rmse": 0.4258545533516041,
  "mse": 0.18135210061029422,
  "mae": 0.359680899616186,
  "horizon": 8,
  "model": "SARIMA"
}