{
  "rmse": 0.37540695123863643,
  "mse": 0.14093037903828795,
  "mae": 0.2959087913183245,
  "horizon": 8,
  "model": "SARIMA"
}