{
  "rmse": 1.7582173366103477,
  "mse": 3.091328202757185,
  "mae": 1.509646861174362,
  "horizon": 8,
  "model": "SARIMA"
}