{
  "rmse": 1.2147334040644746,
  "mse": 1.475577242950066,
  "mae": 1.0294864830109915,
  "horizon": 8,
  "model": "SARIMA"
}