{
  "rmse": 0.6149692305551139,
  "mse": 0.37818715452954876,
  "mae": 0.5037044627810254,
  "horizon": 8,
  "model": "SARIMA"
}