{
  "rmse": 0.407051650616026,
  "mse": 0.1656910462692313,
  "mae": 0.3686401370217345,
  "horizon": 8,
  "model": "SARIMA"
}