{
  "rmse": 0.6256251137633401,
  "mse": 0.39140678297139214,
  "mae": 0.49750590447534027,
  "horizon": 8,
  "model": "SARIMA"
}