{
  "rmse": 0.5218767942242584,
  "mse": 0.2723553883497889,
  "mae": 0.37269205976829545,
  "horizon": 8,
  "model": "SARIMA"
}