{
  "rmse": 1.4941998429356789,
  "mse": 2.2326331706290072,
  "mae": 1.05249543818296,
  "horizon": 8,
  "model": "SARIMA"
}