{
  "rmse": 0.7816561523798506,
  "mse": 0.6109863405532723,
  "mae": 0.6602489388533646,
  "horizon": 8,
  "model": "SARIMA"
}