{
  "rmse": 0.8863668869565272,
  "mse": 0.7856462582930052,
  "mae": 0.5965645862662203,
  "horizon": 8,
  "model": "SARIMA"
}