{
  "rmse": 1.8002957974170446,
  "mse": 3.2410649581974726,
  "mae": 1.552659041830188,
  "horizon": 8,
  "model": "SARIMA"
}