{
  "rmse": 0.6126980765339319,
  "mse": 0.37539893298837995,
  "mae": 0.5497997781720576,
  "horizon": 8,
  "model": "SARIMA"
}