{
  "rmse": 0.5157335538094544,
  "mse": 0.26598109852492935,
  "mae": 0.37088236073806646,
  "horizon": 8,
  "model": "SARIMA"
}