{
  "rmse": 1.1435650147242638,
  "mse": 1.3077409429013054,
  "mae": 0.9173282957689817,
  "horizon": 8,
  "model": "SARIMA"
}