{
  "rmse": 0.9643472914950408,
  "mse": 0.9299656986138212,
  "mae": 0.7814571159626733,
  "horizon": 8,
  "model": "SARIMA"
}