{
  "rmse": 3.4835760296728076,
  "mse": 12.135301954510961,
  "mae": 3.251413716548378,
  "horizon": 8,
  "model": "SARIMA"
}