{
  "rmse": 0.9353540616825693,
  "mse": 0.8748872207060796,
  "mae": 0.820307751706586,
  "horizon": 8,
  "model": "SARIMA"
}