{
  "rmse": 0.3989096913934748,
  "mse": 0.15912894188763732,
  "mae": 0.3220174464690273,
  "horizon": 8,
  "model": "SARIMA"
}