{
  "rmse": 1.9604211814166046,
  "mse": 3.8432512085468753,
  "mae": 1.5146738036767524,
  "horizon": 8,
  "model": "SARIMA"
}