{
  "rmse": 0.5840940809819704,
  "mse": 0.3411658954381726,
  "mae": 0.48823753531875846,
  "horizon": 8,
  "model": "SARIMA"
}