{
  "rmse": 0.8494225744840144,
  "mse": 0.721518710043051,
  "mae": 0.7738447506703721,
  "horizon": 8,
  "model": "SARIMA"
}