{
  "rmse": 1.3920849380353786,
  "mse": 1.9379004747049637,
  "mae": 1.069301799114275,
  "horizon": 8,
  "model": "SARIMA"
}