{
  "rmse": 0.9148321713483568,
  "mse": 0.8369179017339492,
  "mae": 0.8039490154122864,
  "horizon": 8,
  "model": "SARIMA"
}