{
  "rmse": 1.7586913192174325,
  "mse": 3.0929951562907534,
  "mae": 1.3563856279552722,
  "horizon": 8,
  "model": "SARIMA"
}