{
  "rmse": 1.1658794391838352,
  "mse": 1.359274866711614,
  "mae": 0.948544681041597,
  "horizon": 8,
  "model": "SARIMA"
}