{
  "rmse": 0.5707318259666084,
  "mse": 0.325734817171179,
  "mae": 0.38948166841370435,
  "horizon": 8,
  "model": "SARIMA"
}