{
  "rmse": 1.1746689358837217,
  "mse": 1.3798471089301951,
  "mae": 0.8266294244094587,
  "horizon": 8,
  "model": "SARIMA"
}