{
  "rmse": 0.5866322350681087,
  "mse": 0.3441373792210047,
  "mae": 0.48642165320098396,
  "horizon": 8,
  "model": "SARIMA"
}