{
  "rmse": 1.0840943693478435,
  "mse": 1.1752606016516984,
  "mae": 0.6573634975298943,
  "horizon": 8,
  "model": "SARIMA"
}