{
  "rmse": 0.4603403234078466,
  "mse": 0.21191321335524077,
  "mae": 0.396089066756268,
  "horizon": 8,
  "model": "SARIMA"
}