{
  "rmse": 0.5449101131118691,
  "mse": 0.29692703137158993,
  "mae": 0.43337470436541503,
  "horizon": 8,
  "model": "SARIMA"
}