{
  "rmse": 0.46956439126067046,
  "mse": 0.220490717540004,
  "mae": 0.3126629275342938,
  "horizon": 8,
  "model": "SARIMA"
}