{
  "rmse": 0.8324028090079121,
  "mse": 0.6928944364442626,
  "mae": 0.591012176082717,
  "horizon": 8,
  "model": "SARIMA"
}