{
  "rmse": 0.10820939023765751,
  "mse": 0.011709272135605648,
  "mae": 0.07650610687127674,
  "horizon": 8,
  "model": "SARIMA"
}