{
  "rmse": 1.285887227718533,
  "mse": 1.6535059624096544,
  "mae": 1.157716395136446,
  "horizon": 8,
  "model": "SARIMA"
}