{
  "rmse": 0.7338876226757345,
  "mse": 0.5385910427166413,
  "mae": 0.5858323065356092,
  "horizon": 8,
  "model": "SARIMA"
}