{
  "rmse": 0.6819286227010402,
  "mse": 0.46502664645893754,
  "mae": 0.5360483773651312,
  "horizon": 8,
  "model": "SARIMA"
}