{
  "rmse": 0.44190403817350987,
  "mse": 0.19527917895405486,
  "mae": 0.2513462360711918,
  "horizon": 8,
  "model": "SARIMA"
}