{
  "rmse": 1.2476088366684168,
  "mse": 1.5565278093331205,
  "mae": 1.1016677778594226,
  "horizon": 8,
  "model": "SARIMA"
}