{
  "rmse": 1.3459594332488745,
  "mse": 1.8116067959516313,
  "mae": 0.8795025348825725,
  "horizon": 8,
  "model": "SARIMA"
}