{
  "rmse": 0.6887297146580553,
  "mse": 0.4743486198529663,
  "mae": 0.6410094437000873,
  "horizon": 8,
  "model": "SARIMA"
}