{
  "rmse": 0.8422323535625431,
  "mse": 0.7093553373875007,
  "mae": 0.7265242254332058,
  "horizon": 8,
  "model": "SARIMA"
}