{
  "rmse": 0.26818751950369757,
  "mse": 0.07192454561754616,
  "mae": 0.21158492632942988,
  "horizon": 8,
  "model": "SARIMA"
}