{
  "rmse": 0.7104173235881159,
  "mse": 0.5046927736541018,
  "mae": 0.584199659639824,
  "horizon": 8,
  "model": "SARIMA"
}