{
  "rmse": 0.9955506825069724,
  "mse": 0.9911211614400987,
  "mae": 0.7953415989089319,
  "horizon": 8,
  "model": "SARIMA"
}