{
  "rmse": 0.5116788229787886,
  "mse": 0.26181521788495854,
  "mae": 0.30756224953192257,
  "horizon": 8,
  "model": "SARIMA"
}