{
  "rmse": 0.3914665307475017,
  "mse": 0.1532460446954847,
  "mae": 0.2860241043113074,
  "horizon": 8,
  "model": "SARIMA"
}