{
  "rmse": 1.7255267346687104,
  "mse": 2.9774425120564625,
  "mae": 1.4913667112057878,
  "horizon": 8,
  "model": "SARIMA"
}