{
  "rmse": 0.6796683599557146,
  "mse": 0.4619490795248909,
  "mae": 0.47932017696347673,
  "horizon": 8,
  "model": "SARIMA"
}