{
  "rmse": 1.0405868921925254,
  "mse": 1.0828210802028984,
  "mae": 0.8125893049214241,
  "horizon": 8,
  "model": "SARIMA"
}