{
  "rmse": 2.8632760681800082,
  "mse": 8.198349842612366,
  "mae": 2.6096638631200904,
  "horizon": 8,
  "model": "SARIMA"
}