{
  "rmse": 2.6927395259350124,
  "mse": 7.2508461545327165,
  "mae": 2.3349425142492897,
  "horizon": 8,
  "model": "SARIMA"
}