{
  "rmse": 3.66158654703418,
  "mse": 13.407216041421687,
  "mae": 3.248211283608286,
  "horizon": 8,
  "model": "SARIMA"
}