{
  "rmse": 0.8013370846254952,
  "mse": 0.6421411231960882,
  "mae": 0.5277964254715153,
  "horizon": 8,
  "model": "SARIMA"
}