{
  "rmse": 1.4415477774391268,
  "mse": 2.0780599946396863,
  "mae": 1.0902252661438658,
  "horizon": 8,
  "model": "SARIMA"
}