{
  "rmse": 0.644153667053244,
  "mse": 0.41493394677814144,
  "mae": 0.5777120167713377,
  "horizon": 8,
  "model": "SARIMA"
}