{
  "rmse": 1.29981504893759,
  "mse": 1.6895191614446294,
  "mae": 0.9894358337162457,
  "horizon": 8,
  "model": "SARIMA"
}