{
  "rmse": 1.6978602580959101,
  "mse": 2.8827294560215107,
  "mae": 1.5765952232532778,
  "horizon": 8,
  "model": "SARIMA"
}