{
  "rmse": 0.8779828467861914,
  "mse": 0.770853879250785,
  "mae": 0.6786971911065356,
  "horizon": 8,
  "model": "SARIMA"
}