{
  "rmse": 0.6346407665662739,
  "mse": 0.40276890258782777,
  "mae": 0.5522319577648669,
  "horizon": 8,
  "model": "SARIMA"
}