{
  "rmse": 0.6152017823339656,
  "mse": 0.37847323298688795,
  "mae": 0.55957918908272,
  "horizon": 8,
  "model": "SARIMA"
}