{
  "rmse": 0.6295696840492762,
  "mse": 0.39635798707390546,
  "mae": 0.5426704402129716,
  "horizon": 8,
  "model": "SARIMA"
}