{
  "rmse": 0.999974986409529,
  "mse": 0.9999499734447377,
  "mae": 0.7111444828355791,
  "horizon": 8,
  "model": "SARIMA"
}