{
  "rmse": 1.4537697241577268,
  "mse": 2.113446410877633,
  "mae": 1.3385569969893418,
  "horizon": 8,
  "model": "SARIMA"
}