{
  "rmse": 0.9635511389884598,
  "mse": 0.9284307974459582,
  "mae": 0.7830452437035964,
  "horizon": 8,
  "model": "SARIMA"
}