{
  "rmse": 1.5623819270175725,
  "mse": 2.4410372858711433,
  "mae": 1.2115784428601089,
  "horizon": 8,
  "model": "SARIMA"
}