{
  "rmse": 4.314793673724781,
  "mse": 18.61744444681539,
  "mae": 3.874309997071809,
  "horizon": 8,
  "model": "SARIMA"
}