{
  "rmse": 0.4328598963600105,
  "mse": 0.18736768987679903,
  "mae": 0.3614685515095958,
  "horizon": 8,
  "model": "SARIMA"
}