{
  "rmse": 3.124077415519582,
  "mse": 9.759859698159511,
  "mae": 2.8961371449069078,
  "horizon": 8,
  "model": "SARIMA"
}