{
  "rmse": 0.9310236472491359,
  "mse": 0.8668050317370835,
  "mae": 0.604087624505607,
  "horizon": 8,
  "model": "SARIMA"
}