{
  "rmse": 0.615799840478939,
  "mse": 0.37920944353388675,
  "mae": 0.47835315212072516,
  "horizon": 8,
  "model": "SARIMA"
}