{
  "rmse": 0.8542222830402187,
  "mse": 0.7296957088424435,
  "mae": 0.7317481961877244,
  "horizon": 8,
  "model": "SARIMA"
}