{
  "rmse": 0.30131077225558894,
  "mse": 0.0907881814772594,
  "mae": 0.2431995779670615,
  "horizon": 8,
  "model": "SARIMA"
}