{
  "rmse": 1.1911346360244814,
  "mse": 1.4188017211371737,
  "mae": 1.0477115141366693,
  "horizon": 8,
  "model": "SARIMA"
}