{
  "rmse": 0.5830325021609,
  "mse": 0.3399268985759998,
  "mae": 0.49307373136737676,
  "horizon": 8,
  "model": "SARIMA"
}