{
  "rmse": 0.54788317274926,
  "mse": 0.30017597098179555,
  "mae": 0.43458919153992426,
  "horizon": 8,
  "model": "SARIMA"
}