{
  "rmse": 1.9610587527751324,
  "mse": 3.845751431835958,
  "mae": 1.7762168571989103,
  "horizon": 8,
  "model": "SARIMA"
}