{
  "rmse": 0.870667686301823,
  "mse": 0.7580622199701698,
  "mae": 0.45125616423627113,
  "horizon": 8,
  "model": "SARIMA"
}