{
  "rmse": 0.6387851349736452,
  "mse": 0.4080464486632981,
  "mae": 0.5409032822192255,
  "horizon": 8,
  "model": "SARIMA"
}