{
  "rmse": 3.0687232366716763,
  "mse": 9.417062303288688,
  "mae": 2.5849573556801335,
  "horizon": 8,
  "model": "SARIMA"
}