{
  "rmse": 0.5905439770396828,
  "mse": 0.3487421888178454,
  "mae": 0.4783969402841155,
  "horizon": 8,
  "model": "SARIMA"
}