{
  "rmse": 0.6209272245961988,
  "mse": 0.3855506182447383,
  "mae": 0.5485256707728405,
  "horizon": 8,
  "model": "SARIMA"
}