{
  "rmse": 1.3999983906805806,
  "mse": 1.9599954939082156,
  "mae": 1.094470165966889,
  "horizon": 8,
  "model": "SARIMA"
}