{
  "rmse": 0.7446792661892935,
  "mse": 0.5545472094922247,
  "mae": 0.6449467261282731,
  "horizon": 8,
  "model": "SARIMA"
}