{
  "rmse": 0.8073682824309034,
  "mse": 0.6518435434754271,
  "mae": 0.6388876108581041,
  "horizon": 8,
  "model": "SARIMA"
}