{
  "rmse": 0.6347882528846609,
  "mse": 0.4029561260003601,
  "mae": 0.5593022547948392,
  "horizon": 8,
  "model": "SARIMA"
}