{
  "rmse": 1.1535007610989685,
  "mse": 1.3305640058558996,
  "mae": 1.0084699187677288,
  "horizon": 8,
  "model": "SARIMA"
}