{
  "rmse": 0.630573153963657,
  "mse": 0.3976225024996739,
  "mae": 0.5028735219914027,
  "horizon": 8,
  "model": "SARIMA"
}