{
  "rmse": 1.5860209822078917,
  "mse": 2.5154625560036856,
  "mae": 1.232130486354846,
  "horizon": 8,
  "model": "SARIMA"
}