{
  "rmse": 0.9152697388688499,
  "mse": 0.8377186948890526,
  "mae": 0.8381474279476255,
  "horizon": 8,
  "model": "SARIMA"
}