{
  "rmse": 0.5063343286230613,
  "mse": 0.25637445234216616,
  "mae": 0.426517542051589,
  "horizon": 8,
  "model": "SARIMA"
}