{
  "rmse": 1.3805179809922354,
  "mse": 1.9058298958428779,
  "mae": 1.2505449120199872,
  "horizon": 8,
  "model": "SARIMA"
}