{
  "rmse": 0.7781733029310716,
  "mse": 0.6055536893946533,
  "mae": 0.6253586977456793,
  "horizon": 8,
  "model": "SARIMA"
}