{
  "rmse": 1.275261133737885,
  "mse": 1.6262909592224357,
  "mae": 0.9243149421599095,
  "horizon": 8,
  "model": "SARIMA"
}