{
  "rmse": 0.5767658775232432,
  "mse": 0.33265887747515677,
  "mae": 0.4979163682576737,
  "horizon": 8,
  "model": "SARIMA"
}