{
  "rmse": 1.9041250589104377,
  "mse": 3.625692239970678,
  "mae": 1.5641393906001975,
  "horizon": 8,
  "model": "SARIMA"
}