{
  "rmse": 0.2665168278998898,
  "mse": 0.07103121955381947,
  "mae": 0.22553433340737516,
  "horizon": 8,
  "model": "SARIMA"
}