{
  "rmse": 0.6298983111605094,
  "mse": 0.396771882402862,
  "mae": 0.5692116553768161,
  "horizon": 8,
  "model": "SARIMA"
}