{
  "rmse": 0.8125307737433707,
  "mse": 0.6602062582800006,
  "mae": 0.7420069234224096,
  "horizon": 8,
  "model": "SARIMA"
}