{
  "rmse": 1.1091677900493717,
  "mse": 1.2302531864830073,
  "mae": 0.8790516333728151,
  "horizon": 8,
  "model": "SARIMA"
}