{
  "rmse": 0.14172404916850484,
  "mse": 0.02008570611271678,
  "mae": 0.10964684317812859,
  "horizon": 8,
  "model": "SARIMA"
}