{
  "rmse": 0.09270941312366421,
  "mse": 0.008595035281734241,
  "mae": 0.06982140784185625,
  "horizon": 8,
  "model": "SARIMA"
}