{
  "rmse": 0.3894979834202245,
  "mse": 0.1517086790884215,
  "mae": 0.31208322700559643,
  "horizon": 8,
  "model": "SARIMA"
}