{
  "rmse": 0.27678421372809126,
  "mse": 0.0766095009690777,
  "mae": 0.22930902743255555,
  "horizon": 8,
  "model": "SARIMA"
}