{
  "rmse": 1.1536432228836018,
  "mse": 1.3308926857052634,
  "mae": 0.9554416557719678,
  "horizon": 8,
  "model": "SARIMA"
}