{
  "rmse": 0.8192961424390977,
  "mse": 0.6712461690155862,
  "mae": 0.7730617740714538,
  "horizon": 8,
  "model": "SARIMA"
}