{
  "rmse": 0.976447292835833,
  "mse": 0.953449315686427,
  "mae": 0.7131048751741567,
  "horizon": 8,
  "model": "SARIMA"
}