{
  "rmse": 0.8812898569133041,
  "mse": 0.776671811898272,
  "mae": 0.5833393683459125,
  "horizon": 8,
  "model": "SARIMA"
}