{
  "rmse": 1.2140418168777072,
  "mse": 1.4738975331277242,
  "mae": 1.1631991996481243,
  "horizon": 8,
  "model": "SARIMA"
}