{
  "rmse": 0.30631547034632883,
  "mse": 0.09382916737349264,
  "mae": 0.27929405771313354,
  "horizon": 8,
  "model": "SARIMA"
}