{
  "rmse": 0.2957712829627898,
  "mse": 0.0874806518254547,
  "mae": 0.2490693279380798,
  "horizon": 8,
  "model": "SARIMA"
}