{
  "rmse": 1.3461380336070277,
  "mse": 1.812087605523395,
  "mae": 0.8315486977528748,
  "horizon": 8,
  "model": "SARIMA"
}