{
  "rmse": 0.6139613229443586,
  "mse": 0.376948506071587,
  "mae": 0.5081231356961804,
  "horizon": 8,
  "model": "SARIMA"
}