{
  "rmse": 2.0787382948070614,
  "mse": 4.3211528982973695,
  "mae": 1.6984990294394677,
  "horizon": 8,
  "model": "SARIMA"
}