{
  "rmse": 0.4395723309553347,
  "mse": 0.1932238341415063,
  "mae": 0.36291216578976426,
  "horizon": 8,
  "model": "SARIMA"
}