{
  "rmse": 1.7333372930121875,
  "mse": 3.0044581713468177,
  "mae": 1.5793402163408872,
  "horizon": 8,
  "model": "SARIMA"
}