{
  "rmse": 0.22857336809180778,
  "mse": 0.052245784600833046,
  "mae": 0.18714051530663178,
  "horizon": 8,
  "model": "SARIMA"
}