{
  "rmse": 1.7159760061794749,
  "mse": 2.9445736537836615,
  "mae": 1.2920768340429167,
  "horizon": 8,
  "model": "SARIMA"
}