{
  "rmse": 0.6254118091073041,
  "mse": 0.391139930970871,
  "mae": 0.4869258131903278,
  "horizon": 8,
  "model": "SARIMA"
}