{
  "rmse": 1.333968785067323,
  "mse": 1.7794727195339894,
  "mae": 0.953240819394876,
  "horizon": 8,
  "model": "SARIMA"
}