{
  "rmse": 0.6589205792207968,
  "mse": 0.43417632972067044,
  "mae": 0.5894457538638433,
  "horizon": 8,
  "model": "SARIMA"
}