{
  "rmse": 1.1034068627367108,
  "mse": 1.2175067047344705,
  "mae": 1.0150216896218054,
  "horizon": 8,
  "model": "SARIMA"
}