{
  "rmse": 0.6201168262147805,
  "mse": 0.38454487815469224,
  "mae": 0.5671792971740102,
  "horizon": 8,
  "model": "SARIMA"
}