{
  "rmse": 1.0197892268676596,
  "mse": 1.039970067235339,
  "mae": 0.9016680307689864,
  "horizon": 8,
  "model": "SARIMA"
}