{
  "rmse": 1.1989398457572062,
  "mse": 1.4374567537443137,
  "mae": 1.083108067977978,
  "horizon": 8,
  "model": "SARIMA"
}