{
  "rmse": 0.8184400935584702,
  "mse": 0.6698441867439975,
  "mae": 0.7778631682079875,
  "horizon": 8,
  "model": "SARIMA"
}