{
  "rmse": 0.7054454520359044,
  "mse": 0.49765328579814144,
  "mae": 0.5646222761703181,
  "horizon": 8,
  "model": "SARIMA"
}