{
  "rmse": 0.9472136848524444,
  "mse": 0.8972137647717459,
  "mae": 0.8316422522512443,
  "horizon": 8,
  "model": "SARIMA"
}