{
  "rmse": 1.726453032878525,
  "mse": 2.9806400747354576,
  "mae": 1.4950348229201973,
  "horizon": 8,
  "model": "SARIMA"
}