{
  "rmse": 0.4649230844276739,
  "mse": 0.216153474433742,
  "mae": 0.3953599183437775,
  "horizon": 8,
  "model": "SARIMA"
}