{
  "rmse": 1.37252248421659,
  "mse": 1.8838179696800796,
  "mae": 1.022231561492649,
  "horizon": 8,
  "model": "SARIMA"
}