{
  "rmse": 0.4816815997169405,
  "mse": 0.2320171635058709,
  "mae": 0.4320133222969864,
  "horizon": 8,
  "model": "SARIMA"
}