{
  "rmse": 0.8153628161363509,
  "mse": 0.6648165219378007,
  "mae": 0.6597815803473956,
  "horizon": 8,
  "model": "SARIMA"
}