{
  "rmse": 0.8552249360786899,
  "mse": 0.7314096912907991,
  "mae": 0.6952075447280568,
  "horizon": 8,
  "model": "SARIMA"
}