{
  "rmse": 0.6481188702416103,
  "mse": 0.4200580699632613,
  "mae": 0.6044345004569971,
  "horizon": 8,
  "model": "SARIMA"
}