{
  "rmse": 0.3709026781953202,
  "mse": 0.13756879669246125,
  "mae": 0.2706789006578534,
  "horizon": 8,
  "model": "SARIMA"
}