{
  "rmse": 1.0732099369349308,
  "mse": 1.1517795687358783,
  "mae": 0.8030965684017093,
  "horizon": 8,
  "model": "SARIMA"
}