{
  "rmse": 0.5369316752237736,
  "mse": 0.28829562385860785,
  "mae": 0.4703537090579437,
  "horizon": 8,
  "model": "SARIMA"
}