{
  "rmse": 0.8649481224673015,
  "mse": 0.74813525455971,
  "mae": 0.6366289047510598,
  "horizon": 8,
  "model": "SARIMA"
}