{
  "rmse": 1.4804861457399505,
  "mse": 2.191839227727934,
  "mae": 1.2637394361510816,
  "horizon": 8,
  "model": "SARIMA"
}