{
  "rmse": 1.1791879280314437,
  "mse": 1.3904841696150894,
  "mae": 1.0063394349548336,
  "horizon": 8,
  "model": "SARIMA"
}