{
  "rmse": 2.6792906978429767,
  "mse": 7.178598643547904,
  "mae": 2.521975684666287,
  "horizon": 8,
  "model": "SARIMA"
}