{
  "rmse": 0.6952408086760807,
  "mse": 0.4833597820485707,
  "mae": 0.46326918788708404,
  "horizon": 8,
  "model": "SARIMA"
}