{
  "rmse": 1.6011907337088525,
  "mse": 2.5638117657150934,
  "mae": 1.4894752112673553,
  "horizon": 8,
  "model": "SARIMA"
}