{
  "rmse": 0.8707038909880445,
  "mse": 0.7581252657817203,
  "mae": 0.44749538877387574,
  "horizon": 8,
  "model": "SARIMA"
}