{
  "rmse": 1.0438267634994423,
  "mse": 1.0895743121977204,
  "mae": 0.8632922750136722,
  "horizon": 8,
  "model": "SARIMA"
}