{
  "rmse": 0.961948303978694,
  "mse": 0.9253445395274859,
  "mae": 0.8655436891473691,
  "horizon": 8,
  "model": "SARIMA"
}