{
  "rmse": 0.5473211811120591,
  "mse": 0.2995604752938994,
  "mae": 0.3938073647908187,
  "horizon": 8,
  "model": "SARIMA"
}