{
  "rmse": 0.8844118948701383,
  "mse": 0.7821843997877884,
  "mae": 0.7589085264494857,
  "horizon": 8,
  "model": "SARIMA"
}