{
  "rmse": 0.8051116423675946,
  "mse": 0.6482047566758455,
  "mae": 0.6840626503990528,
  "horizon": 8,
  "model": "SARIMA"
}