{
  "rmse": 0.8416114143846722,
  "mse": 0.7083097728225685,
  "mae": 0.7560240811364589,
  "horizon": 8,
  "model": "SARIMA"
}