{
  "rmse": 0.47368288756961563,
  "mse": 0.22437547797628912,
  "mae": 0.40311941250519334,
  "horizon": 8,
  "model": "SARIMA"
}