{
  "rmse": 1.9846513399079597,
  "mse": 3.9388409409984595,
  "mae": 1.8165090547700018,
  "horizon": 8,
  "model": "SARIMA"
}