{
  "rmse": 1.0654201992187815,
  "mse": 1.135120200903388,
  "mae": 0.590561484506841,
  "horizon": 8,
  "model": "SARIMA"
}