{
  "rmse": 0.6518774902599975,
  "mse": 0.4249442623076732,
  "mae": 0.4437282787175132,
  "horizon": 8,
  "model": "SARIMA"
}