{
  "rmse": 0.9593130040981463,
  "mse": 0.9202814398318101,
  "mae": 0.7224396626195237,
  "horizon": 8,
  "model": "SARIMA"
}