{
  "rmse": 0.6364398139454597,
  "mse": 0.4050556367749313,
  "mae": 0.5564794114465941,
  "horizon": 8,
  "model": "SARIMA"
}