{
  "rmse": 0.8706834840838795,
  "mse": 0.7580897294564433,
  "mae": 0.811179054976352,
  "horizon": 8,
  "model": "SARIMA"
}