{
  "rmse": 0.42263754942179943,
  "mse": 0.17862249818126397,
  "mae": 0.3480090314533668,
  "horizon": 8,
  "model": "SARIMA"
}