{
  "rmse": 3.7186452415504094,
  "mse": 13.828322432505502,
  "mae": 3.187776275004654,
  "horizon": 8,
  "model": "SARIMA"
}