{
  "rmse": 1.357942626586862,
  "mse": 1.8440081771016257,
  "mae": 1.2095543556613486,
  "horizon": 8,
  "model": "SARIMA"
}