{
  "rmse": 0.39005393034233227,
  "mse": 0.152142068575501,
  "mae": 0.2858194793208555,
  "horizon": 8,
  "model": "SARIMA"
}