{
  "rmse": 0.638330958181138,
  "mse": 0.40746641217244983,
  "mae": 0.4333462544734217,
  "horizon": 8,
  "model": "SARIMA"
}