{
  "rmse": 3.32665318993686,
  "mse": 11.066621446117086,
  "mae": 3.0941645646370652,
  "horizon": 8,
  "model": "SARIMA"
}