{
  "rmse": 1.3594899235821853,
  "mse": 1.848212852321496,
  "mae": 1.1909080098212828,
  "horizon": 8,
  "model": "SARIMA"
}