{
  "rmse": 0.5990447668547987,
  "mse": 0.3588546326961201,
  "mae": 0.4399886521561509,
  "horizon": 8,
  "model": "SARIMA"
}