{
  "rmse": 1.4544283230028774,
  "mse": 2.115361746752962,
  "mae": 1.1745047258125325,
  "horizon": 8,
  "model": "SARIMA"
}