{
  "rmse": 0.8944487116244292,
  "mse": 0.8000384977266013,
  "mae": 0.7519254511598747,
  "horizon": 8,
  "model": "SARIMA"
}