{
  "rmse": 1.3078570252829589,
  "mse": 1.71048999858199,
  "mae": 1.1637634510738368,
  "horizon": 8,
  "model": "SARIMA"
}