{
  "rmse": 0.7376481868472055,
  "mse": 0.5441248475589697,
  "mae": 0.4926461568823908,
  "horizon": 8,
  "model": "SARIMA"
}