{
  "rmse": 0.6556043226261475,
  "mse": 0.42981702784608977,
  "mae": 0.5323212351198081,
  "horizon": 8,
  "model": "SARIMA"
}