{
  "rmse": 0.63484226445054,
  "mse": 0.40302470073268937,
  "mae": 0.5833853103442213,
  "horizon": 8,
  "model": "SARIMA"
}