{
  "rmse": 1.1777556075540347,
  "mse": 1.3871082711249734,
  "mae": 0.8911105199386951,
  "horizon": 8,
  "model": "SARIMA"
}