{
  "rmse": 1.1249155258343728,
  "mse": 1.2654349402632237,
  "mae": 0.7639594095864624,
  "horizon": 8,
  "model": "SARIMA"
}