{
  "rmse": 0.38712195154417345,
  "mse": 0.14986340536736936,
  "mae": 0.3151766992709244,
  "horizon": 8,
  "model": "SARIMA"
}