{
  "rmse": 1.8978041242958181,
  "mse": 3.601660494194217,
  "mae": 1.6794047132685899,
  "horizon": 8,
  "model": "SARIMA"
}