{
  "rmse": 0.5295097726443498,
  "mse": 0.280380599325871,
  "mae": 0.4242313388268193,
  "horizon": 8,
  "model": "SARIMA"
}