{
  "rmse": 1.4151493329208158,
  "mse": 2.00264763446623,
  "mae": 1.2954265479290052,
  "horizon": 8,
  "model": "SARIMA"
}