{
  "rmse": 1.5272272110099938,
  "mse": 2.332422954049364,
  "mae": 1.364630942854275,
  "horizon": 8,
  "model": "SARIMA"
}