{
  "rmse": 0.8610818607792953,
  "mse": 0.7414619709631337,
  "mae": 0.45565969787178773,
  "horizon": 8,
  "model": "SARIMA"
}