{
  "rmse": 0.22152194429264235,
  "mse": 0.049071971803192546,
  "mae": 0.19961415931562776,
  "horizon": 8,
  "model": "SARIMA"
}