{
  "rmse": 0.7659353347104892,
  "mse": 0.5866569369580692,
  "mae": 0.5739613665639798,
  "horizon": 8,
  "model": "SARIMA"
}