{
  "rmse": 0.5639240905597954,
  "mse": 0.31801037991369235,
  "mae": 0.4100435128347,
  "horizon": 8,
  "model": "SARIMA"
}