{
  "rmse": 0.08742790016938089,
  "mse": 0.0076436377280272305,
  "mae": 0.06398549987314393,
  "horizon": 8,
  "model": "SARIMA"
}