{
  "rmse": 1.874202397654755,
  "mse": 3.5126346273748323,
  "mae": 1.4560942608899676,
  "horizon": 8,
  "model": "SARIMA"
}