{
  "rmse": 1.4540041680442872,
  "mse": 2.11412812069016,
  "mae": 1.168958317224131,
  "horizon": 8,
  "model": "SARIMA"
}