{
  "rmse": 1.0067349587328056,
  "mse": 1.0135152771347438,
  "mae": 0.7581242402405546,
  "horizon": 8,
  "model": "SARIMA"
}