{
  "rmse": 0.9934759881765044,
  "mse": 0.9869945390832819,
  "mae": 0.8143754754956429,
  "horizon": 8,
  "model": "SARIMA"
}