{
  "rmse": 1.1971215152192243,
  "mse": 1.4330999222007716,
  "mae": 1.0317846762823142,
  "horizon": 8,
  "model": "SARIMA"
}