{
  "rmse": 1.3917127735052561,
  "mse": 1.9368644439376925,
  "mae": 0.9685058805081468,
  "horizon": 8,
  "model": "SARIMA"
}