{
  "rmse": 1.1492849857429408,
  "mse": 1.3208559784541518,
  "mae": 0.8753947851773738,
  "horizon": 8,
  "model": "SARIMA"
}