{
  "rmse": 2.1601666017757934,
  "mse": 4.66631974742758,
  "mae": 1.9064582213682328,
  "horizon": 8,
  "model": "SARIMA"
}