{
  "rmse": 1.1443362742822956,
  "mse": 1.309505508638285,
  "mae": 0.9515673919458636,
  "horizon": 8,
  "model": "SARIMA"
}