{
  "order": [
    3,
    0,
    0
  ],
  "seasonal_order": [
    2,
    1,
    0
  ],
  "season_length": 8,
  "aic": -15377.3246092833,
  "model_string": "ARIMA(3,0,0)(2,1,0)[8]                   ",
  "timestamp": "2025-06-14T02:54:23.225285"
}