{
  "order": [
    3,
    0,
    0
  ],
  "seasonal_order": [
    2,
    1,
    0
  ],
  "season_length": 8,
  "aic": -15766.052762487889,
  "model_string": "ARIMA(3,0,0)(2,1,0)[8]                   ",
  "timestamp": "2025-05-17T02:50:18.929146"
}