{
  "order": [
    3,
    0,
    0
  ],
  "seasonal_order": [
    2,
    1,
    0
  ],
  "season_length": 8,
  "aic": -15664.972784466896,
  "model_string": "ARIMA(3,0,0)(2,1,0)[8]                   ",
  "timestamp": "2025-05-24T02:49:28.613693"
}