{
  "order": [
    3,
    0,
    0
  ],
  "seasonal_order": [
    2,
    1,
    0
  ],
  "season_length": 8,
  "aic": -15963.991751489273,
  "model_string": "ARIMA(3,0,0)(2,1,0)[8]                   ",
  "timestamp": "2025-05-10T02:45:49.531514"
}