{
  "order": [
    3,
    0,
    0
  ],
  "seasonal_order": [
    2,
    1,
    0
  ],
  "season_length": 8,
  "aic": -15516.956548026996,
  "model_string": "ARIMA(3,0,0)(2,1,0)[8]                   ",
  "timestamp": "2025-06-07T02:55:38.128945"
}